{"cameraMode":{"drawMode":0,"name":"Shaded","section":"Shading Mode"},"sceneLighting":true,"audioPlay":false,"sceneViewState":{"m_AlwaysRefresh":false,"showFog":true,"showSkybox":true,"showFlares":true,"showImageEffects":true,"showParticleSystems":true,"showVisualEffectGraphs":true,"m_FxEnabled":true},"in2DMode":false,"pivot":{"x":2.8143205642700197,"y":14.552926063537598,"z":-27.858007431030275},"rotation":{"x":-0.14826741814613343,"y":0.003562564728781581,"z":-0.0005917575908824801,"w":-0.9890012145042419},"size":0.8660253882408142,"orthographic":false}